Workbook

Sheet 使い方
A1: Copia シフト管理(スプレッドシート版)
A3: ■ 使い方
A4: 1. 「登録」シートに、日付・メンバー・ステータス(希望/確定)・種別(出勤/リモート/欠勤/未定)を入力します。
A5: メンバー・ステータス・種別は入力セルをクリックするとプルダウンから選べます。
A6: 2. 「月表示」シートのB1セルで見たい月の1日の日付を入力すると、その月のカレンダーが自動表示されます。
A7: 3. 出勤希望日はイタリック体、確定した出勤日は太字で表示され、種別ごとに色分けされます。
A8: 出勤=緑 / リモート=青 / 欠勤=グレー / 未定=黄
A10: ■ メンバーや選択肢を変える場合
A11: 「設定」シートのメンバー一覧・ステータス一覧・種別一覧を書き換えると、プルダウンと月表示に反映されます。
A13: ■ 注意
A14: 「登録」シートのG列・H列、「月表示」シートの数式セルは自動計算用です。書き換えないでください。
A15: 黄色いセルが入力用セルです。

Sheet 設定
A1: メンバー一覧 | C1: ステータス一覧 | E1: 種別一覧
A2: 山田 | C2: 希望 | E2: 出勤
A3: 佐藤 | C3: 確定 | E3: リモート
A4: 鈴木 | E4: 欠勤
A5: 田中 | E5: 未定

Sheet 登録
A1: 日付 | B1: メンバー | C1: ステータス | D1: 種別 | E1: 開始時刻 | F1: 終了時刻 | G1: キー(自動) | H1: 表示(自動)
A2: 46254 | B2: 山田 | C2: 確定 | D2: 出勤 | E2: 0.375 | F2: 0.75 | G2: =IF(A2="","",B2&"_"&TEXT(A2,"YYYY-MM-DD")) -> 山田_2026-08-20 | H2: =IF(A2="","",D2&IF(E2<>""," "&TEXT(E2,"hh:mm"),"")&IF(F2<>""," - "&TEXT(F2,"hh:mm"),"")&"("&C2&")") -> 出勤 09:00 - 18:00(確定)
A3: 46254 | B3: 佐藤 | C3: 希望 | D3: リモート | G3: =IF(A3="","",B3&"_"&TEXT(A3,"YYYY-MM-DD")) -> 佐藤_2026-08-20 | H3: =IF(A3="","",D3&IF(E3<>""," "&TEXT(E3,"hh:mm"),"")&IF(F3<>""," - "&TEXT(F3,"hh:mm"),"")&"("&C3&")") -> リモート(希望)
A4: 46255 | B4: 鈴木 | C4: 確定 | D4: 欠勤 | G4: =IF(A4="","",B4&"_"&TEXT(A4,"YYYY-MM-DD")) -> 鈴木_2026-08-21 | H4: =IF(A4="","",D4&IF(E4<>""," "&TEXT(E4,"hh:mm"),"")&IF(F4<>""," - "&TEXT(F4,"hh:mm"),"")&"("&C4&")") -> 欠勤(確定)
A5: 46256 | B5: 田中 | C5: 希望 | D5: 未定 | G5: =IF(A5="","",B5&"_"&TEXT(A5,"YYYY-MM-DD")) -> 田中_2026-08-22 | H5: =IF(A5="","",D5&IF(E5<>""," "&TEXT(E5,"hh:mm"),"")&IF(F5<>""," - "&TEXT(F5,"hh:mm"),"")&"("&C5&")") -> 未定(希望)
C6: 希望 | G6: =IF(A6="","",B6&"_"&TEXT(A6,"YYYY-MM-DD")) | H6: =IF(A6="","",D6&IF(E6<>""," "&TEXT(E6,"hh:mm"),"")&IF(F6<>""," - "&TEXT(F6,"hh:mm"),"")&"("&C6&")")
G7: =IF(A7="","",B7&"_"&TEXT(A7,"YYYY-MM-DD")) | H7: =IF(A7="","",D7&IF(E7<>""," "&TEXT(E7,"hh:mm"),"")&IF(F7<>""," - "&TEXT(F7,"hh:mm"),"")&"("&C7&")")
G8: =IF(A8="","",B8&"_"&TEXT(A8,"YYYY-MM-DD")) | H8: =IF(A8="","",D8&IF(E8<>""," "&TEXT(E8,"hh:mm"),"")&IF(F8<>""," - "&TEXT(F8,"hh:mm"),"")&"("&C8&")")
G9: =IF(A9="","",B9&"_"&TEXT(A9,"YYYY-MM-DD")) | H9: =IF(A9="","",D9&IF(E9<>""," "&TEXT(E9,"hh:mm"),"")&IF(F9<>""," - "&TEXT(F9,"hh:mm"),"")&"("&C9&")")
G10: =IF(A10="","",B10&"_"&TEXT(A10,"YYYY-MM-DD")) | H10: =IF(A10="","",D10&IF(E10<>""," "&TEXT(E10,"hh:mm"),"")&IF(F10<>""," - "&TEXT(F10,"hh:mm"),"")&"("&C10&")")
G11: =IF(A11="","",B11&"_"&TEXT(A11,"YYYY-MM-DD")) | H11: =IF(A11="","",D11&IF(E11<>""," "&TEXT(E11,"hh:mm"),"")&IF(F11<>""," - "&TEXT(F11,"hh:mm"),"")&"("&C11&")")
G12: =IF(A12="","",B12&"_"&TEXT(A12,"YYYY-MM-DD")) | H12: =IF(A12="","",D12&IF(E12<>""," "&TEXT(E12,"hh:mm"),"")&IF(F12<>""," - "&TEXT(F12,"hh:mm"),"")&"("&C12&")")
G13: =IF(A13="","",B13&"_"&TEXT(A13,"YYYY-MM-DD")) | H13: =IF(A13="","",D13&IF(E13<>""," "&TEXT(E13,"hh:mm"),"")&IF(F13<>""," - "&TEXT(F13,"hh:mm"),"")&"("&C13&")")
G14: =IF(A14="","",B14&"_"&TEXT(A14,"YYYY-MM-DD")) | H14: =IF(A14="","",D14&IF(E14<>""," "&TEXT(E14,"hh:mm"),"")&IF(F14<>""," - "&TEXT(F14,"hh:mm"),"")&"("&C14&")")
G15: =IF(A15="","",B15&"_"&TEXT(A15,"YYYY-MM-DD")) | H15: =IF(A15="","",D15&IF(E15<>""," "&TEXT(E15,"hh:mm"),"")&IF(F15<>""," - "&TEXT(F15,"hh:mm"),"")&"("&C15&")")
G16: =IF(A16="","",B16&"_"&TEXT(A16,"YYYY-MM-DD")) | H16: =IF(A16="","",D16&IF(E16<>""," "&TEXT(E16,"hh:mm"),"")&IF(F16<>""," - "&TEXT(F16,"hh:mm"),"")&"("&C16&")")
G17: =IF(A17="","",B17&"_"&TEXT(A17,"YYYY-MM-DD")) | H17: =IF(A17="","",D17&IF(E17<>""," "&TEXT(E17,"hh:mm"),"")&IF(F17<>""," - "&TEXT(F17,"hh:mm"),"")&"("&C17&")")
G18: =IF(A18="","",B18&"_"&TEXT(A18,"YYYY-MM-DD")) | H18: =IF(A18="","",D18&IF(E18<>""," "&TEXT(E18,"hh:mm"),"")&IF(F18<>""," - "&TEXT(F18,"hh:mm"),"")&"("&C18&")")
... G201: =IF(A201="","",B201&"_"&TEXT(A201,"YYYY-MM-DD")) | H201: =IF(A201="","",D201&IF(E201<>""," "&TEXT(E201,"hh:mm"),"")&IF(F201<>""," - "&TEXT(F201,"hh:mm"),"")&"("&C201&")")

Sheet 月表示
A1: 対象月(1日の日付を入力) | B1: 46235
B3: 日 | C3: 月 | D3: 火 | E3: 水 | F3: 木 | G3: 金 | H3: 土
B4: =$B$1-WEEKDAY($B$1,1)+1 -> 46229 | C4: =B4+1 -> 46230 | D4: =C4+1 -> 46231 | E4: =D4+1 -> 46232 | F4: =E4+1 -> 46233 | G4: =F4+1 -> 46234 | H4: =G4+1 -> 46235
A5: =設定!$A$2 -> 山田 | B5: =IFERROR(INDEX(登録!$H$2:$H$201,MATCH($A5&"_"&TEXT(B4,"YYYY-MM-DD"),登録!$G$2:$G$201,0)),"") | C5: =IFERROR(INDEX(登録!$H$2:$H$201,MATCH($A5&"_"&TEXT(C4,"YYYY-MM-DD"),登録!$G$2:$G$201,0)),"") | D5: =IFERROR(INDEX(登録!$H$2:$H$201,MATCH($A5&"_"&TEXT(D4,"YYYY-MM-DD"),登録!$G$2:$G$201,0)),"") | E5: =IFERROR(INDEX(登録!$H$2:$H$201,MATCH($A5&"_"&TEXT(E4,"YYYY-MM-DD"),登録!$G$2:$G$201,0)),"") | F5: =IFERROR(INDEX(登録!$H$2:$H$201,MATCH($A5&"_"&TEXT(F4,"YYYY-MM-DD"),登録!$G$2:$G$201,0)),"") | G5: =IFERROR(INDEX(登録!$H$2:$H$201,MATCH($A5&"_"&TEXT(G4,"YYYY-MM-DD"),登録!$G$2:$G$201,0)),"") | H5: =IFERROR(INDEX(登録!$H$2:$H$201,MATCH($A5&"_"&TEXT(H4,"YYYY-MM-DD"),登録!$G$2:$G$201,0)),"")
A6: =設定!$A$3 -> 佐藤 | B6: =IFERROR(INDEX(登録!$H$2:$H$201,MATCH($A6&"_"&TEXT(B4,"YYYY-MM-DD"),登録!$G$2:$G$201,0)),"") | C6: =IFERROR(INDEX(登録!$H$2:$H$201,MATCH($A6&"_"&TEXT(C4,"YYYY-MM-DD"),登録!$G$2:$G$201,0)),"") | D6: =IFERROR(INDEX(登録!$H$2:$H$201,MATCH($A6&"_"&TEXT(D4,"YYYY-MM-DD"),登録!$G$2:$G$201,0)),"") | E6: =IFERROR(INDEX(登録!$H$2:$H$201,MATCH($A6&"_"&TEXT(E4,"YYYY-MM-DD"),登録!$G$2:$G$201,0)),"") | F6: =IFERROR(INDEX(登録!$H$2:$H$201,MATCH($A6&"_"&TEXT(F4,"YYYY-MM-DD"),登録!$G$2:$G$201,0)),"") | G6: =IFERROR(INDEX(登録!$H$2:$H$201,MATCH($A6&"_"&TEXT(G4,"YYYY-MM-DD"),登録!$G$2:$G$201,0)),"") | H6: =IFERROR(INDEX(登録!$H$2:$H$201,MATCH($A6&"_"&TEXT(H4,"YYYY-MM-DD"),登録!$G$2:$G$201,0)),"")
A7: =設定!$A$4 -> 鈴木 | B7: =IFERROR(INDEX(登録!$H$2:$H$201,MATCH($A7&"_"&TEXT(B4,"YYYY-MM-DD"),登録!$G$2:$G$201,0)),"") | C7: =IFERROR(INDEX(登録!$H$2:$H$201,MATCH($A7&"_"&TEXT(C4,"YYYY-MM-DD"),登録!$G$2:$G$201,0)),"") | D7: =IFERROR(INDEX(登録!$H$2:$H$201,MATCH($A7&"_"&TEXT(D4,"YYYY-MM-DD"),登録!$G$2:$G$201,0)),"") | E7: =IFERROR(INDEX(登録!$H$2:$H$201,MATCH($A7&"_"&TEXT(E4,"YYYY-MM-DD"),登録!$G$2:$G$201,0)),"") | F7: =IFERROR(INDEX(登録!$H$2:$H$201,MATCH($A7&"_"&TEXT(F4,"YYYY-MM-DD"),登録!$G$2:$G$201,0)),"") | G7: =IFERROR(INDEX(登録!$H$2:$H$201,MATCH($A7&"_"&TEXT(G4,"YYYY-MM-DD"),登録!$G$2:$G$201,0)),"") | H7: =IFERROR(INDEX(登録!$H$2:$H$201,MATCH($A7&"_"&TEXT(H4,"YYYY-MM-DD"),登録!$G$2:$G$201,0)),"")
A8: =設定!$A$5 -> 田中 | B8: =IFERROR(INDEX(登録!$H$2:$H$201,MATCH($A8&"_"&TEXT(B4,"YYYY-MM-DD"),登録!$G$2:$G$201,0)),"") | C8: =IFERROR(INDEX(登録!$H$2:$H$201,MATCH($A8&"_"&TEXT(C4,"YYYY-MM-DD"),登録!$G$2:$G$201,0)),"") | D8: =IFERROR(INDEX(登録!$H$2:$H$201,MATCH($A8&"_"&TEXT(D4,"YYYY-MM-DD"),登録!$G$2:$G$201,0)),"") | E8: =IFERROR(INDEX(登録!$H$2:$H$201,MATCH($A8&"_"&TEXT(E4,"YYYY-MM-DD"),登録!$G$2:$G$201,0)),"") | F8: =IFERROR(INDEX(登録!$H$2:$H$201,MATCH($A8&"_"&TEXT(F4,"YYYY-MM-DD"),登録!$G$2:$G$201,0)),"") | G8: =IFERROR(INDEX(登録!$H$2:$H$201,MATCH($A8&"_"&TEXT(G4,"YYYY-MM-DD"),登録!$G$2:$G$201,0)),"") | H8: =IFERROR(INDEX(登録!$H$2:$H$201,MATCH($A8&"_"&TEXT(H4,"YYYY-MM-DD"),登録!$G$2:$G$201,0)),"")
B9: =B4+7 -> 46236 | C9: =C4+7 -> 46237 | D9: =D4+7 -> 46238 | E9: =E4+7 -> 46239 | F9: =F4+7 -> 46240 | G9: =G4+7 -> 46241 | H9: =H4+7 -> 46242
A10: =設定!$A$2 -> 山田 | B10: =IFERROR(INDEX(登録!$H$2:$H$201,MATCH($A10&"_"&TEXT(B9,"YYYY-MM-DD"),登録!$G$2:$G$201,0)),"") | C10: =IFERROR(INDEX(登録!$H$2:$H$201,MATCH($A10&"_"&TEXT(C9,"YYYY-MM-DD"),登録!$G$2:$G$201,0)),"") | D10: =IFERROR(INDEX(登録!$H$2:$H$201,MATCH($A10&"_"&TEXT(D9,"YYYY-MM-DD"),登録!$G$2:$G$201,0)),"") | E10: =IFERROR(INDEX(登録!$H$2:$H$201,MATCH($A10&"_"&TEXT(E9,"YYYY-MM-DD"),登録!$G$2:$G$201,0)),"") | F10: =IFERROR(INDEX(登録!$H$2:$H$201,MATCH($A10&"_"&TEXT(F9,"YYYY-MM-DD"),登録!$G$2:$G$201,0)),"") | G10: =IFERROR(INDEX(登録!$H$2:$H$201,MATCH($A10&"_"&TEXT(G9,"YYYY-MM-DD"),登録!$G$2:$G$201,0)),"") | H10: =IFERROR(INDEX(登録!$H$2:$H$201,MATCH($A10&"_"&TEXT(H9,"YYYY-MM-DD"),登録!$G$2:$G$201,0)),"")
A11: =設定!$A$3 -> 佐藤 | B11: =IFERROR(INDEX(登録!$H$2:$H$201,MATCH($A11&"_"&TEXT(B9,"YYYY-MM-DD"),登録!$G$2:$G$201,0)),"") | C11: =IFERROR(INDEX(登録!$H$2:$H$201,MATCH($A11&"_"&TEXT(C9,"YYYY-MM-DD"),登録!$G$2:$G$201,0)),"") | D11: =IFERROR(INDEX(登録!$H$2:$H$201,MATCH($A11&"_"&TEXT(D9,"YYYY-MM-DD"),登録!$G$2:$G$201,0)),"") | E11: =IFERROR(INDEX(登録!$H$2:$H$201,MATCH($A11&"_"&TEXT(E9,"YYYY-MM-DD"),登録!$G$2:$G$201,0)),"") | F11: =IFERROR(INDEX(登録!$H$2:$H$201,MATCH($A11&"_"&TEXT(F9,"YYYY-MM-DD"),登録!$G$2:$G$201,0)),"") | G11: =IFERROR(INDEX(登録!$H$2:$H$201,MATCH($A11&"_"&TEXT(G9,"YYYY-MM-DD"),登録!$G$2:$G$201,0)),"") | H11: =IFERROR(INDEX(登録!$H$2:$H$201,MATCH($A11&"_"&TEXT(H9,"YYYY-MM-DD"),登録!$G$2:$G$201,0)),"")
A12: =設定!$A$4 -> 鈴木 | B12: =IFERROR(INDEX(登録!$H$2:$H$201,MATCH($A12&"_"&TEXT(B9,"YYYY-MM-DD"),登録!$G$2:$G$201,0)),"") | C12: =IFERROR(INDEX(登録!$H$2:$H$201,MATCH($A12&"_"&TEXT(C9,"YYYY-MM-DD"),登録!$G$2:$G$201,0)),"") | D12: =IFERROR(INDEX(登録!$H$2:$H$201,MATCH($A12&"_"&TEXT(D9,"YYYY-MM-DD"),登録!$G$2:$G$201,0)),"") | E12: =IFERROR(INDEX(登録!$H$2:$H$201,MATCH($A12&"_"&TEXT(E9,"YYYY-MM-DD"),登録!$G$2:$G$201,0)),"") | F12: =IFERROR(INDEX(登録!$H$2:$H$201,MATCH($A12&"_"&TEXT(F9,"YYYY-MM-DD"),登録!$G$2:$G$201,0)),"") | G12: =IFERROR(INDEX(登録!$H$2:$H$201,MATCH($A12&"_"&TEXT(G9,"YYYY-MM-DD"),登録!$G$2:$G$201,0)),"") | H12: =IFERROR(INDEX(登録!$H$2:$H$201,MATCH($A12&"_"&TEXT(H9,"YYYY-MM-DD"),登録!$G$2:$G$201,0)),"")
A13: =設定!$A$5 -> 田中 | B13: =IFERROR(INDEX(登録!$H$2:$H$201,MATCH($A13&"_"&TEXT(B9,"YYYY-MM-DD"),登録!$G$2:$G$201,0)),"") | C13: =IFERROR(INDEX(登録!$H$2:$H$201,MATCH($A13&"_"&TEXT(C9,"YYYY-MM-DD"),登録!$G$2:$G$201,0)),"") | D13: =IFERROR(INDEX(登録!$H$2:$H$201,MATCH($A13&"_"&TEXT(D9,"YYYY-MM-DD"),登録!$G$2:$G$201,0)),"") | E13: =IFERROR(INDEX(登録!$H$2:$H$201,MATCH($A13&"_"&TEXT(E9,"YYYY-MM-DD"),登録!$G$2:$G$201,0)),"") | F13: =IFERROR(INDEX(登録!$H$2:$H$201,MATCH($A13&"_"&TEXT(F9,"YYYY-MM-DD"),登録!$G$2:$G$201,0)),"") | G13: =IFERROR(INDEX(登録!$H$2:$H$201,MATCH($A13&"_"&TEXT(G9,"YYYY-MM-DD"),登録!$G$2:$G$201,0)),"") | H13: =IFERROR(INDEX(登録!$H$2:$H$201,MATCH($A13&"_"&TEXT(H9,"YYYY-MM-DD"),登録!$G$2:$G$201,0)),"")
B14: =B9+7 -> 46243 | C14: =C9+7 -> 46244 | D14: =D9+7 -> 46245 | E14: =E9+7 -> 46246 | F14: =F9+7 -> 46247 | G14: =G9+7 -> 46248 | H14: =H9+7 -> 46249
A15: =設定!$A$2 -> 山田 | B15: =IFERROR(INDEX(登録!$H$2:$H$201,MATCH($A15&"_"&TEXT(B14,"YYYY-MM-DD"),登録!$G$2:$G$201,0)),"") | C15: =IFERROR(INDEX(登録!$H$2:$H$201,MATCH($A15&"_"&TEXT(C14,"YYYY-MM-DD"),登録!$G$2:$G$201,0)),"") | D15: =IFERROR(INDEX(登録!$H$2:$H$201,MATCH($A15&"_"&TEXT(D14,"YYYY-MM-DD"),登録!$G$2:$G$201,0)),"") | E15: =IFERROR(INDEX(登録!$H$2:$H$201,MATCH($A15&"_"&TEXT(E14,"YYYY-MM-DD"),登録!$G$2:$G$201,0)),"") | F15: =IFERROR(INDEX(登録!$H$2:$H$201,MATCH($A15&"_"&TEXT(F14,"YYYY-MM-DD"),登録!$G$2:$G$201,0)),"") | G15: =IFERROR(INDEX(登録!$H$2:$H$201,MATCH($A15&"_"&TEXT(G14,"YYYY-MM-DD"),登録!$G$2:$G$201,0)),"") | H15: =IFERROR(INDEX(登録!$H$2:$H$201,MATCH($A15&"_"&TEXT(H14,"YYYY-MM-DD"),登録!$G$2:$G$201,0)),"")
A16: =設定!$A$3 -> 佐藤 | B16: =IFERROR(INDEX(登録!$H$2:$H$201,MATCH($A16&"_"&TEXT(B14,"YYYY-MM-DD"),登録!$G$2:$G$201,0)),"") | C16: =IFERROR(INDEX(登録!$H$2:$H$201,MATCH($A16&"_"&TEXT(C14,"YYYY-MM-DD"),登録!$G$2:$G$201,0)),"") | D16: =IFERROR(INDEX(登録!$H$2:$H$201,MATCH($A16&"_"&TEXT(D14,"YYYY-MM-DD"),登録!$G$2:$G$201,0)),"") | E16: =IFERROR(INDEX(登録!$H$2:$H$201,MATCH($A16&"_"&TEXT(E14,"YYYY-MM-DD"),登録!$G$2:$G$201,0)),"") | F16: =IFERROR(INDEX(登録!$H$2:$H$201,MATCH($A16&"_"&TEXT(F14,"YYYY-MM-DD"),登録!$G$2:$G$201,0)),"") | G16: =IFERROR(INDEX(登録!$H$2:$H$201,MATCH($A16&"_"&TEXT(G14,"YYYY-MM-DD"),登録!$G$2:$G$201,0)),"") | H16: =IFERROR(INDEX(登録!$H$2:$H$201,MATCH($A16&"_"&TEXT(H14,"YYYY-MM-DD"),登録!$G$2:$G$201,0)),"")
A17: =設定!$A$4 -> 鈴木 | B17: =IFERROR(INDEX(登録!$H$2:$H$201,MATCH($A17&"_"&TEXT(B14,"YYYY-MM-DD"),登録!$G$2:$G$201,0)),"") | C17: =IFERROR(INDEX(登録!$H$2:$H$201,MATCH($A17&"_"&TEXT(C14,"YYYY-MM-DD"),登録!$G$2:$G$201,0)),"") | D17: =IFERROR(INDEX(登録!$H$2:$H$201,MATCH($A17&"_"&TEXT(D14,"YYYY-MM-DD"),登録!$G$2:$G$201,0)),"") | E17: =IFERROR(INDEX(登録!$H$2:$H$201,MATCH($A17&"_"&TEXT(E14,"YYYY-MM-DD"),登録!$G$2:$G$201,0)),"") | F17: =IFERROR(INDEX(登録!$H$2:$H$201,MATCH($A17&"_"&TEXT(F14,"YYYY-MM-DD"),登録!$G$2:$G$201,0)),"") | G17: =IFERROR(INDEX(登録!$H$2:$H$201,MATCH($A17&"_"&TEXT(G14,"YYYY-MM-DD"),登録!$G$2:$G$201,0)),"") | H17: =IFERROR(INDEX(登録!$H$2:$H$201,MATCH($A17&"_"&TEXT(H14,"YYYY-MM-DD"),登録!$G$2:$G$201,0)),"")
A18: =設定!$A$5 -> 田中 | B18: =IFERROR(INDEX(登録!$H$2:$H$201,MATCH($A18&"_"&TEXT(B14,"YYYY-MM-DD"),登録!$G$2:$G$201,0)),"") | C18: =IFERROR(INDEX(登録!$H$2:$H$201,MATCH($A18&"_"&TEXT(C14,"YYYY-MM-DD"),登録!$G$2:$G$201,0)),"") | D18: =IFERROR(INDEX(登録!$H$2:$H$201,MATCH($A18&"_"&TEXT(D14,"YYYY-MM-DD"),登録!$G$2:$G$201,0)),"") | E18: =IFERROR(INDEX(登録!$H$2:$H$201,MATCH($A18&"_"&TEXT(E14,"YYYY-MM-DD"),登録!$G$2:$G$201,0)),"") | F18: =IFERROR(INDEX(登録!$H$2:$H$201,MATCH($A18&"_"&TEXT(F14,"YYYY-MM-DD"),登録!$G$2:$G$201,0)),"") | G18: =IFERROR(INDEX(登録!$H$2:$H$201,MATCH($A18&"_"&TEXT(G14,"YYYY-MM-DD"),登録!$G$2:$G$201,0)),"") | H18: =IFERROR(INDEX(登録!$H$2:$H$201,MATCH($A18&"_"&TEXT(H14,"YYYY-MM-DD"),登録!$G$2:$G$201,0)),"")
B19: =B14+7 -> 46250 | C19: =C14+7 -> 46251 | D19: =D14+7 -> 46252 | E19: =E14+7 -> 46253 | F19: =F14+7 -> 46254 | G19: =G14+7 -> 46255 | H19: =H14+7 -> 46256
A20: =設定!$A$2 -> 山田 | B20: =IFERROR(INDEX(登録!$H$2:$H$201,MATCH($A20&"_"&TEXT(B19,"YYYY-MM-DD"),登録!$G$2:$G$201,0)),"") | C20: =IFERROR(INDEX(登録!$H$2:$H$201,MATCH($A20&"_"&TEXT(C19,"YYYY-MM-DD"),登録!$G$2:$G$201,0)),"") | D20: =IFERROR(INDEX(登録!$H$2:$H$201,MATCH($A20&"_"&TEXT(D19,"YYYY-MM-DD"),登録!$G$2:$G$201,0)),"") | E20: =IFERROR(INDEX(登録!$H$2:$H$201,MATCH($A20&"_"&TEXT(E19,"YYYY-MM-DD"),登録!$G$2:$G$201,0)),"") | F20: =IFERROR(INDEX(登録!$H$2:$H$201,MATCH($A20&"_"&TEXT(F19,"YYYY-MM-DD"),登録!$G$2:$G$201,0)),"") -> 出勤 09:00 - 18:00(確定) | G20: =IFERROR(INDEX(登録!$H$2:$H$201,MATCH($A20&"_"&TEXT(G19,"YYYY-MM-DD"),登録!$G$2:$G$201,0)),"") | H20: =IFERROR(INDEX(登録!$H$2:$H$201,MATCH($A20&"_"&TEXT(H19,"YYYY-MM-DD"),登録!$G$2:$G$201,0)),"")
A21: =設定!$A$3 -> 佐藤 | B21: =IFERROR(INDEX(登録!$H$2:$H$201,MATCH($A21&"_"&TEXT(B19,"YYYY-MM-DD"),登録!$G$2:$G$201,0)),"") | C21: =IFERROR(INDEX(登録!$H$2:$H$201,MATCH($A21&"_"&TEXT(C19,"YYYY-MM-DD"),登録!$G$2:$G$201,0)),"") | D21: =IFERROR(INDEX(登録!$H$2:$H$201,MATCH($A21&"_"&TEXT(D19,"YYYY-MM-DD"),登録!$G$2:$G$201,0)),"") | E21: =IFERROR(INDEX(登録!$H$2:$H$201,MATCH($A21&"_"&TEXT(E19,"YYYY-MM-DD"),登録!$G$2:$G$201,0)),"") | F21: =IFERROR(INDEX(登録!$H$2:$H$201,MATCH($A21&"_"&TEXT(F19,"YYYY-MM-DD"),登録!$G$2:$G$201,0)),"") -> リモート(希望) | G21: =IFERROR(INDEX(登録!$H$2:$H$201,MATCH($A21&"_"&TEXT(G19,"YYYY-MM-DD"),登録!$G$2:$G$201,0)),"") | H21: =IFERROR(INDEX(登録!$H$2:$H$201,MATCH($A21&"_"&TEXT(H19,"YYYY-MM-DD"),登録!$G$2:$G$201,0)),"")
A22: =設定!$A$4 -> 鈴木 | B22: =IFERROR(INDEX(登録!$H$2:$H$201,MATCH($A22&"_"&TEXT(B19,"YYYY-MM-DD"),登録!$G$2:$G$201,0)),"") | C22: =IFERROR(INDEX(登録!$H$2:$H$201,MATCH($A22&"_"&TEXT(C19,"YYYY-MM-DD"),登録!$G$2:$G$201,0)),"") | D22: =IFERROR(INDEX(登録!$H$2:$H$201,MATCH($A22&"_"&TEXT(D19,"YYYY-MM-DD"),登録!$G$2:$G$201,0)),"") | E22: =IFERROR(INDEX(登録!$H$2:$H$201,MATCH($A22&"_"&TEXT(E19,"YYYY-MM-DD"),登録!$G$2:$G$201,0)),"") | F22: =IFERROR(INDEX(登録!$H$2:$H$201,MATCH($A22&"_"&TEXT(F19,"YYYY-MM-DD"),登録!$G$2:$G$201,0)),"") | G22: =IFERROR(INDEX(登録!$H$2:$H$201,MATCH($A22&"_"&TEXT(G19,"YYYY-MM-DD"),登録!$G$2:$G$201,0)),"") -> 欠勤(確定) | H22: =IFERROR(INDEX(登録!$H$2:$H$201,MATCH($A22&"_"&TEXT(H19,"YYYY-MM-DD"),登録!$G$2:$G$201,0)),"")
A23: =設定!$A$5 -> 田中 | B23: =IFERROR(INDEX(登録!$H$2:$H$201,MATCH($A23&"_"&TEXT(B19,"YYYY-MM-DD"),登録!$G$2:$G$201,0)),"") | C23: =IFERROR(INDEX(登録!$H$2:$H$201,MATCH($A23&"_"&TEXT(C19,"YYYY-MM-DD"),登録!$G$2:$G$201,0)),"") | D23: =IFERROR(INDEX(登録!$H$2:$H$201,MATCH($A23&"_"&TEXT(D19,"YYYY-MM-DD"),登録!$G$2:$G$201,0)),"") | E23: =IFERROR(INDEX(登録!$H$2:$H$201,MATCH($A23&"_"&TEXT(E19,"YYYY-MM-DD"),登録!$G$2:$G$201,0)),"") | F23: =IFERROR(INDEX(登録!$H$2:$H$201,MATCH($A23&"_"&TEXT(F19,"YYYY-MM-DD"),登録!$G$2:$G$201,0)),"") | G23: =IFERROR(INDEX(登録!$H$2:$H$201,MATCH($A23&"_"&TEXT(G19,"YYYY-MM-DD"),登録!$G$2:$G$201,0)),"") | H23: =IFERROR(INDEX(登録!$H$2:$H$201,MATCH($A23&"_"&TEXT(H19,"YYYY-MM-DD"),登録!$G$2:$G$201,0)),"") -> 未定(希望)
B24: =B19+7 -> 46257 | C24: =C19+7 -> 46258 | D24: =D19+7 -> 46259 | E24: =E19+7 -> 46260 | F24: =F19+7 -> 46261 | G24: =G19+7 -> 46262 | H24: =H19+7 -> 46263
A25: =設定!$A$2 -> 山田 | B25: =IFERROR(INDEX(登録!$H$2:$H$201,MATCH($A25&"_"&TEXT(B24,"YYYY-MM-DD"),登録!$G$2:$G$201,0)),"") | C25: =IFERROR(INDEX(登録!$H$2:$H$201,MATCH($A25&"_"&TEXT(C24,"YYYY-MM-DD"),登録!$G$2:$G$201,0)),"") | D25: =IFERROR(INDEX(登録!$H$2:$H$201,MATCH($A25&"_"&TEXT(D24,"YYYY-MM-DD"),登録!$G$2:$G$201,0)),"") | E25: =IFERROR(INDEX(登録!$H$2:$H$201,MATCH($A25&"_"&TEXT(E24,"YYYY-MM-DD"),登録!$G$2:$G$201,0)),"") | F25: =IFERROR(INDEX(登録!$H$2:$H$201,MATCH($A25&"_"&TEXT(F24,"YYYY-MM-DD"),登録!$G$2:$G$201,0)),"") | G25: =IFERROR(INDEX(登録!$H$2:$H$201,MATCH($A25&"_"&TEXT(G24,"YYYY-MM-DD"),登録!$G$2:$G$201,0)),"") | H25: =IFERROR(INDEX(登録!$H$2:$H$201,MATCH($A25&"_"&TEXT(H24,"YYYY-MM-DD"),登録!$G$2:$G$201,0)),"")
A26: =設定!$A$3 -> 佐藤 | B26: =IFERROR(INDEX(登録!$H$2:$H$201,MATCH($A26&"_"&TEXT(B24,"YYYY-MM-DD"),登録!$G$2:$G$201,0)),"") | C26: =IFERROR(INDEX(登録!$H$2:$H$201,MATCH($A26&"_"&TEXT(C24,"YYYY-MM-DD"),登録!$G$2:$G$201,0)),"") | D26: =IFERROR(INDEX(登録!$H$2:$H$201,MATCH($A26&"_"&TEXT(D24,"YYYY-MM-DD"),登録!$G$2:$G$201,0)),"") | E26: =IFERROR(INDEX(登録!$H$2:$H$201,MATCH($A26&"_"&TEXT(E24,"YYYY-MM-DD"),登録!$G$2:$G$201,0)),"") | F26: =IFERROR(INDEX(登録!$H$2:$H$201,MATCH($A26&"_"&TEXT(F24,"YYYY-MM-DD"),登録!$G$2:$G$201,0)),"") | G26: =IFERROR(INDEX(登録!$H$2:$H$201,MATCH($A26&"_"&TEXT(G24,"YYYY-MM-DD"),登録!$G$2:$G$201,0)),"") | H26: =IFERROR(INDEX(登録!$H$2:$H$201,MATCH($A26&"_"&TEXT(H24,"YYYY-MM-DD"),登録!$G$2:$G$201,0)),"")
A27: =設定!$A$4 -> 鈴木 | B27: =IFERROR(INDEX(登録!$H$2:$H$201,MATCH($A27&"_"&TEXT(B24,"YYYY-MM-DD"),登録!$G$2:$G$201,0)),"") | C27: =IFERROR(INDEX(登録!$H$2:$H$201,MATCH($A27&"_"&TEXT(C24,"YYYY-MM-DD"),登録!$G$2:$G$201,0)),"") | D27: =IFERROR(INDEX(登録!$H$2:$H$201,MATCH($A27&"_"&TEXT(D24,"YYYY-MM-DD"),登録!$G$2:$G$201,0)),"") | E27: =IFERROR(INDEX(登録!$H$2:$H$201,MATCH($A27&"_"&TEXT(E24,"YYYY-MM-DD"),登録!$G$2:$G$201,0)),"") | F27: =IFERROR(INDEX(登録!$H$2:$H$201,MATCH($A27&"_"&TEXT(F24,"YYYY-MM-DD"),登録!$G$2:$G$201,0)),"") | G27: =IFERROR(INDEX(登録!$H$2:$H$201,MATCH($A27&"_"&TEXT(G24,"YYYY-MM-DD"),登録!$G$2:$G$201,0)),"") | H27: =IFERROR(INDEX(登録!$H$2:$H$201,MATCH($A27&"_"&TEXT(H24,"YYYY-MM-DD"),登録!$G$2:$G$201,0)),"")
A28: =設定!$A$5 -> 田中 | B28: =IFERROR(INDEX(登録!$H$2:$H$201,MATCH($A28&"_"&TEXT(B24,"YYYY-MM-DD"),登録!$G$2:$G$201,0)),"") | C28: =IFERROR(INDEX(登録!$H$2:$H$201,MATCH($A28&"_"&TEXT(C24,"YYYY-MM-DD"),登録!$G$2:$G$201,0)),"") | D28: =IFERROR(INDEX(登録!$H$2:$H$201,MATCH($A28&"_"&TEXT(D24,"YYYY-MM-DD"),登録!$G$2:$G$201,0)),"") | E28: =IFERROR(INDEX(登録!$H$2:$H$201,MATCH($A28&"_"&TEXT(E24,"YYYY-MM-DD"),登録!$G$2:$G$201,0)),"") | F28: =IFERROR(INDEX(登録!$H$2:$H$201,MATCH($A28&"_"&TEXT(F24,"YYYY-MM-DD"),登録!$G$2:$G$201,0)),"") | G28: =IFERROR(INDEX(登録!$H$2:$H$201,MATCH($A28&"_"&TEXT(G24,"YYYY-MM-DD"),登録!$G$2:$G$201,0)),"") | H28: =IFERROR(INDEX(登録!$H$2:$H$201,MATCH($A28&"_"&TEXT(H24,"YYYY-MM-DD"),登録!$G$2:$G$201,0)),"")
B29: =B24+7 -> 46264 | C29: =C24+7 -> 46265 | D29: =D24+7 -> 46266 | E29: =E24+7 -> 46267 | F29: =F24+7 -> 46268 | G29: =G24+7 -> 46269 | H29: =H24+7 -> 46270
A30: =設定!$A$2 -> 山田 | B30: =IFERROR(INDEX(登録!$H$2:$H$201,MATCH($A30&"_"&TEXT(B29,"YYYY-MM-DD"),登録!$G$2:$G$201,0)),"") | C30: =IFERROR(INDEX(登録!$H$2:$H$201,MATCH($A30&"_"&TEXT(C29,"YYYY-MM-DD"),登録!$G$2:$G$201,0)),"") | D30: =IFERROR(INDEX(登録!$H$2:$H$201,MATCH($A30&"_"&TEXT(D29,"YYYY-MM-DD"),登録!$G$2:$G$201,0)),"") | E30: =IFERROR(INDEX(登録!$H$2:$H$201,MATCH($A30&"_"&TEXT(E29,"YYYY-MM-DD"),登録!$G$2:$G$201,0)),"") | F30: =IFERROR(INDEX(登録!$H$2:$H$201,MATCH($A30&"_"&TEXT(F29,"YYYY-MM-DD"),登録!$G$2:$G$201,0)),"") | G30: =IFERROR(INDEX(登録!$H$2:$H$201,MATCH($A30&"_"&TEXT(G29,"YYYY-MM-DD"),登録!$G$2:$G$201,0)),"") | H30: =IFERROR(INDEX(登録!$H$2:$H$201,MATCH($A30&"_"&TEXT(H29,"YYYY-MM-DD"),登録!$G$2:$G$201,0)),"")
A31: =設定!$A$3 -> 佐藤 | B31: =IFERROR(INDEX(登録!$H$2:$H$201,MATCH($A31&"_"&TEXT(B29,"YYYY-MM-DD"),登録!$G$2:$G$201,0)),"") | C31: =IFERROR(INDEX(登録!$H$2:$H$201,MATCH($A31&"_"&TEXT(C29,"YYYY-MM-DD"),登録!$G$2:$G$201,0)),"") | D31: =IFERROR(INDEX(登録!$H$2:$H$201,MATCH($A31&"_"&TEXT(D29,"YYYY-MM-DD"),登録!$G$2:$G$201,0)),"") | E31: =IFERROR(INDEX(登録!$H$2:$H$201,MATCH($A31&"_"&TEXT(E29,"YYYY-MM-DD"),登録!$G$2:$G$201,0)),"") | F31: =IFERROR(INDEX(登録!$H$2:$H$201,MATCH($A31&"_"&TEXT(F29,"YYYY-MM-DD"),登録!$G$2:$G$201,0)),"") | G31: =IFERROR(INDEX(登録!$H$2:$H$201,MATCH($A31&"_"&TEXT(G29,"YYYY-MM-DD"),登録!$G$2:$G$201,0)),"") | H31: =IFERROR(INDEX(登録!$H$2:$H$201,MATCH($A31&"_"&TEXT(H29,"YYYY-MM-DD"),登録!$G$2:$G$201,0)),"")
A32: =設定!$A$4 -> 鈴木 | B32: =IFERROR(INDEX(登録!$H$2:$H$201,MATCH($A32&"_"&TEXT(B29,"YYYY-MM-DD"),登録!$G$2:$G$201,0)),"") | C32: =IFERROR(INDEX(登録!$H$2:$H$201,MATCH($A32&"_"&TEXT(C29,"YYYY-MM-DD"),登録!$G$2:$G$201,0)),"") | D32: =IFERROR(INDEX(登録!$H$2:$H$201,MATCH($A32&"_"&TEXT(D29,"YYYY-MM-DD"),登録!$G$2:$G$201,0)),"") | E32: =IFERROR(INDEX(登録!$H$2:$H$201,MATCH($A32&"_"&TEXT(E29,"YYYY-MM-DD"),登録!$G$2:$G$201,0)),"") | F32: =IFERROR(INDEX(登録!$H$2:$H$201,MATCH($A32&"_"&TEXT(F29,"YYYY-MM-DD"),登録!$G$2:$G$201,0)),"") | G32: =IFERROR(INDEX(登録!$H$2:$H$201,MATCH($A32&"_"&TEXT(G29,"YYYY-MM-DD"),登録!$G$2:$G$201,0)),"") | H32: =IFERROR(INDEX(登録!$H$2:$H$201,MATCH($A32&"_"&TEXT(H29,"YYYY-MM-DD"),登録!$G$2:$G$201,0)),"")
A33: =設定!$A$5 -> 田中 | B33: =IFERROR(INDEX(登録!$H$2:$H$201,MATCH($A33&"_"&TEXT(B29,"YYYY-MM-DD"),登録!$G$2:$G$201,0)),"") | C33: =IFERROR(INDEX(登録!$H$2:$H$201,MATCH($A33&"_"&TEXT(C29,"YYYY-MM-DD"),登録!$G$2:$G$201,0)),"") | D33: =IFERROR(INDEX(登録!$H$2:$H$201,MATCH($A33&"_"&TEXT(D29,"YYYY-MM-DD"),登録!$G$2:$G$201,0)),"") | E33: =IFERROR(INDEX(登録!$H$2:$H$201,MATCH($A33&"_"&TEXT(E29,"YYYY-MM-DD"),登録!$G$2:$G$201,0)),"") | F33: =IFERROR(INDEX(登録!$H$2:$H$201,MATCH($A33&"_"&TEXT(F29,"YYYY-MM-DD"),登録!$G$2:$G$201,0)),"") | G33: =IFERROR(INDEX(登録!$H$2:$H$201,MATCH($A33&"_"&TEXT(G29,"YYYY-MM-DD"),登録!$G$2:$G$201,0)),"") | H33: =IFERROR(INDEX(登録!$H$2:$H$201,MATCH($A33&"_"&TEXT(H29,"YYYY-MM-DD"),登録!$G$2:$G$201,0)),"")
